Close,High,Low,Open,Volume
AEP,AEP,AEP,AEP,AEP
66.87977600097656,68.43817280040679,66.6091057987072,68.34794939965033,3232900
66.78952026367188,67.29805134375515,66.412225433038,67.09299939725705,2212300
67.32269287109375,67.86402704769449,66.12518960886986,66.53529372296128,2713900
65.52643585205078,67.62616694588198,65.51003444062059,67.62616694588198,2764400
64.944091796875,65.63306374770539,64.47657332804222,65.34599210152606,3059800
64.61599731445312,64.97689090435924,63.83680207191033,64.8866675068827,2359600
63.84500503540039,64.27151681540593,63.00839540183896,63.85320886977915,3122500
64.09927368164062,64.37814147290983,63.475913681926016,64.025451687798,7424900
64.65702056884766,64.8292635576692,63.27086656558389,64.0254566854761,8042700
66.00215911865234,66.18260593553906,63.123226398533404,63.123226398533404,4258200
66.1989974975586,66.57629248686982,65.10811918155727,66.39584569683153,2816400
66.23180389404297,66.47786882644715,65.26395808837964,65.92012706966335,2588700
66.41226196289062,66.93719473404828,65.86272394584937,66.43686720877423,3227000
67.32269287109375,67.63436974503405,66.24821583694354,66.28102491699393,3789500
67.74098205566406,68.1592899269636,66.72392579263895,66.9125764036771,2481900
67.10942077636719,67.70817539175881,66.24819984163597,67.42109757505463,3134700
65.9775390625,67.80659955177694,65.69046123224214,66.600892689305,2528400
66.07595825195312,67.47851326114751,66.03495160422499,66.39583888961022,2118400
66.363037109375,66.94538408079835,65.46080323761542,65.77248630520178,3261000
66.5844955444336,67.05201392331604,65.62485354425775,66.51887739287677,1901700
67.3472900390625,68.10188001663894,66.2892208006886,66.69932486559206,2584300
66.6665267944336,67.66718187921151,66.6009086313712,67.339097321592,2162700
67.4293212890625,67.47033420573881,66.51888960654242,66.7157378396652,1783200
67.41291046142578,67.9296393478361,67.26527274278118,67.65896915403904,1584900
66.42046356201172,67.57695388346463,65.94474129863187,67.5605524726583,2047300
66.08935546875,66.61085620217982,65.39402957804784,66.42046574235239,2148200
66.23007202148438,66.59428758592091,65.75824200233059,66.21351303672682,2767300
65.35262298583984,66.42045005034392,65.2036237136904,66.33767408035015,2284100
65.07118225097656,65.66717932882328,64.71523990256263,65.3195164718799,1917700
64.72351837158203,65.22018049014123,64.49174313728118,65.03806957307584,2233100
64.97184753417969,65.68373223357851,64.7483517868808,64.97184753417969,2152000
66.61913299560547,66.79296446123541,64.98842017441595,64.98842017441595,3468100
65.46025848388672,66.61914138272196,65.16225984374613,66.32941592146035,3658400
63.5480842590332,65.44368380959457,62.430592784051335,65.28641134834079,3651600
64.64073944091797,65.19535171221315,63.688806295734516,63.978525353633906,3660500
63.821250915527344,64.77319044067522,63.61430781507791,64.70696713283486,3507500
63.15904235839844,64.6159173670717,62.69548547799986,64.6159173670717,4283700
61.958763122558594,64.01164146147433,61.917378291635856,63.32458885105393,4432500
63.4984245300293,64.23514151281965,62.41404463038561,62.43059730077748,3091300
63.283206939697266,63.86265149579464,62.8196563471419,63.622596705963275,3851900
63.17558288574219,63.29147050471565,62.04981203108439,63.10108640871707,2936800
63.94541549682617,64.66557973130602,63.0679788067304,63.183866433142974,4102500
65.31124114990234,65.63407186844535,63.945415478542394,64.15235857070597,4182700
66.62739562988281,67.0164496503751,65.14568234448123,65.25329679336747,3215800
66.71845245361328,67.1985619489088,66.47839770596552,66.94195453246557,2869000
67.2151107788086,67.52966830657563,66.54461721135013,67.23994925368628,3518600
66.22178649902344,67.7200523976353,66.20523383117542,66.91711222587037,3129900
67.08267211914062,67.43861448287906,65.96518070776709,66.5694509876986,2637900
68.10912322998047,68.15051438292862,67.09096654764971,67.09923972591673,3209500
69.1189956665039,69.16038681282438,67.71178510723898,67.71178510723898,5104300
67.97666931152344,69.2928243486934,67.85250219291824,69.01138477423014,3034900
68.3740005493164,68.44850335103891,67.24822955419488,68.1091136278409,2349800
69.25971221923828,69.64876624100198,67.85250172580555,68.59749811690604,9525500
69.22662353515625,69.82262084577951,68.82101671030588,69.6570688441193,2854300
70.06266784667969,70.49311310758479,69.1190076486844,69.53289392202983,2652000
70.35237884521484,70.74971240048914,69.36733392295609,69.70671734387139,2895100
70.1288833618164,71.05598446907952,69.8143257872213,70.79937702909099,3383500
70.35237884521484,70.39376999392768,69.26799895528686,69.90538096380723,3074500
71.05599975585938,71.2960545771783,69.74812379596878,70.01301078580278,2639800
70.13716888427734,70.79110362205294,69.28455787783194,70.79110362205294,2428300
70.11231994628906,70.43515067794301,69.64048992961003,69.96332066126399,3250700
70.80765533447266,70.84076698994856,69.78121927632975,70.27788147766326,2180000
71.42848205566406,71.78442444477407,70.48482201298212,70.5427658290976,1702300
71.8258056640625,71.86719680866449,70.90698414483793,71.51125443745418,1733300
71.75958251953125,72.14863650997405,71.42847233732024,71.9499666114066,1883100
71.24638366699219,72.00793290307926,71.18843984066825,71.86721308420732,2814800
71.09735870361328,71.76785221137469,71.03941489819441,71.24635796260483,2952800
71.18843841552734,71.78443565458697,70.96494260858162,71.22155007496436,3324800
71.784423828125,71.95825527497817,70.36065428391552,70.94837193243879,2460600
72.07415771484375,72.09071038753453,71.17188864121239,71.51955160635089,2563300
72.68669128417969,72.77774675198516,71.87547788151542,72.17347644607841,3004300
73.29924774169922,73.5889668154391,72.65357997184758,73.00124917573758,2378400
73.38201904296875,73.67173809825232,72.90190957112642,73.29924307223084,2753000
74.61540985107422,75.01274341497486,73.42341547477501,73.67174974163827,3333200
73.96146392822266,74.87201232054716,73.70485650081001,74.35051797326915,2662700
72.80257415771484,73.80418423815054,72.37213532335214,72.54596675542564,2755900
72.59564971923828,73.17509429037058,72.3142100851423,73.17509429037058,3093200
72.51286315917969,72.88536453963138,72.04931262215794,72.88536453963138,1743600
72.18174743652344,72.76947137106689,72.08241879494578,72.29763506196531,2173400
71.7927017211914,72.51285965419744,71.48642366523349,72.36386037229927,4908700
72.9184799194336,72.9515915788376,71.6519889453963,71.6851006048003,2592900
73.43167877197266,73.50618156176068,72.46318671253776,73.05090427805983,2817900
73.4068603515625,74.08563350085366,73.22474940400103,73.72969109845693,2071000
73.15853118896484,73.72141674090781,72.62048411693068,73.1916428467736,2747100
72.40526580810547,73.09231853887077,71.7678774093076,73.08403904507509,1906200
72.94330596923828,73.20819288392386,72.14036573289079,72.60391625473999,1644200
72.78468322753906,73.50259663787523,72.53424594713914,72.68450704160217,2617000
73.09357452392578,73.71966157762013,72.884878839361,73.08523128214172,4291800
72.1335678100586,73.54434607882922,71.64939237159965,73.11026192741191,6084100
70.93982696533203,72.31721313721555,70.83130115305792,72.0333901150217,3702200
72.22539520263672,72.71792029928105,70.70609096861497,70.95652832201195,3025800
72.42573547363281,73.01008070827369,72.30886642670464,72.55929736917128,2193500
71.33216857910156,72.54260713575945,71.08173762760676,72.18365037328651,4317800
71.5826187133789,71.84974893078999,71.081750351844,71.69113817489733,3130700
71.72453308105469,71.8581013794791,70.77288124588536,71.44905324221962,2498900
72.00835418701172,72.60104911259748,71.54087156558147,71.67443984852905,2196700
72.33391571044922,72.51756890692127,71.95825970796929,72.30052364119193,2015900
72.26713562011719,72.72626863701653,72.15861616561659,72.67617734588165,1551200
71.73286437988281,72.43407866094313,71.45738461137252,72.3339088315833,1845700
71.5826187133789,71.95826839230841,71.43235756802976,71.87479139353371,1985700
71.41566467285156,71.75792227828786,71.35723013685576,71.72453020502073,2452700
71.79131317138672,72.14192038159791,71.6327024181969,71.79131317138672,2297800
71.04000854492188,72.00835956191338,70.93983869412051,71.93322580492561,2137200
71.49913024902344,71.74956120518848,70.8897361548056,71.16521593858431,1817700
71.7579116821289,72.13356767424771,70.93147868968484,71.05669735372443,5428000
71.81636047363281,72.0334057764852,71.47410285075703,71.76627554562346,1984800
71.51583099365234,72.0417481605413,71.37391946593702,72.0417481605413,2206300
69.26192474365234,71.63270466089003,68.40209954312056,71.63270466089003,6890000
70.49739074707031,70.73947847469296,69.35374261695684,69.62087280452562,3277100
70.73114013671875,70.99827034280374,70.32209203295855,70.82296037325708,2386600
70.75617980957031,71.06504531665588,70.45565754345887,70.65600359790442,3335100
71.0650405883789,71.11513187532218,70.67269811545252,70.73113264281481,1933700
71.15686798095703,71.43234777112973,70.85634573147516,71.29043625578714,2239200
70.45565795898438,71.76626648379973,70.33043928588508,71.51582913760112,2668100
70.4472885131836,71.11511700241479,70.10503102989387,70.39720360560082,2559900
68.74435424804688,70.35548511794649,68.60244271721463,70.27200812150909,4480800
69.44556427001953,69.67095276236829,68.55234717186939,68.89460471490054,2431400
69.50399780273438,70.04660774108798,69.4372136693309,69.71269344295611,2659400
68.99479675292969,69.68766797592956,68.76105859791456,69.3954889132736,2674000
69.16173553466797,69.45390816412507,68.5690406666591,68.86956290521087,2694400
70.76451873779297,70.92312947104251,68.95304201055085,69.1617376621378,3458600
70.87306213378906,71.4073226248718,70.61427513078303,70.82297083413995,2674100
70.06329345703125,71.34050962613647,69.82955538280086,70.78120689581593,2753700
70.61426544189453,70.73114087911452,69.97148556606064,70.13009631689312,2687500
71.1735610961914,71.47408331990168,70.50573251708293,70.73112736930831,2217300
71.12348175048828,71.44070324480629,70.82295947633774,71.44070324480629,2487100
71.15686798095703,71.27373703699044,70.138432176478,71.09843345294033,1863400
71.47409057617188,71.52417549557991,70.8229547794374,71.24869570106371,2147100
71.21529388427734,71.8831224397772,71.03999032145778,71.54920816202727,2495300
71.28208923339844,71.38226544315667,70.49739151250753,71.0316518934459,2122900
71.29878997802734,71.34887489953482,70.77287282665381,71.24034907775362,1651700
71.15686798095703,71.55756643656149,70.79791120345845,71.21530250897374,2067000
71.94155883789062,72.2504306674236,70.8062540852484,71.45738344096388,2156800
72.77635192871094,72.84313606947023,71.39060966794327,71.74122322248651,2662400
73.03512573242188,73.56938607112288,72.50086539372089,72.63443366283893,2199200
71.59929656982422,73.51094937515596,70.95651680810742,73.11860055731299,3906300
71.57425689697266,72.47582361531956,71.50747913067285,72.0250402561461,3070100
70.72278594970703,71.8330483842573,70.63095935022476,71.46574198632823,2973500
70.85633850097656,72.76799124942924,70.63095002130775,70.63095002130775,2972400
71.77461242675781,71.87478226501057,70.68939247385588,70.76451985254545,3368500
73.19373321533203,73.31060226118709,71.29043004696643,71.54921059580472,4389600
74.62120819091797,74.93842325247846,72.89320864692756,73.07686181847289,3547100
74.28729248046875,74.97181387192394,73.67790482541785,74.76311824807924,2936800
74.41252136230469,74.72139322087175,74.15374079119108,74.2455673878222,1950400
73.56105041503906,75.07200499412272,73.36904760060796,74.43756838817339,3601700
73.74468994140625,74.19547329814677,73.17704390205039,73.66956256639232,2309300
74.37077331542969,74.82155665059217,73.65286619152498,74.0619078521985,2143500
74.15375518798828,74.31235958387359,73.42749188332664,74.29566673073882,3502600
74.84660339355469,74.94677321932384,73.78642603233989,74.29564387628366,2972700
74.57947540283203,75.12208537370942,74.37077975010118,74.6546091496358,2106900
74.71416473388672,74.89935183449136,74.1922743978264,74.73099700572348,1823400
74.70573425292969,75.10136001397082,74.29327622256045,74.64681167716266,2468800
75.05927276611328,75.4801501593364,74.7057372971049,75.08452438217397,3565800
74.87406921386719,75.32020454708416,74.76464342765054,75.21919168298406,1789100
75.49700164794922,75.67376941241503,74.91618869178983,75.46333068013472,4169800
76.01048278808594,76.81856685697642,75.48859235060027,75.6401085148973,1930200
76.21249389648438,76.26299713838732,75.67377124258422,75.78319707406747,2079600
75.54750061035156,76.25457162817312,75.3454812369854,76.01888128889927,3398300
76.09463500976562,76.74278337839269,75.774764076453,76.11988662616831,2702800
76.66703796386719,77.01215413397321,75.50541208975753,75.71585081511591,2681000
75.85894012451172,76.90271421278739,75.5979917858835,76.87746259790575,3053700
75.10978698730469,75.78318700415963,74.6636515288146,75.78318700415963,1690300
75.19396209716797,75.42123308036457,74.52055565007906,75.10978789680182,2754900
75.12662506103516,75.26130892805682,74.68049599016634,75.15187668058165,1626900
75.16028594970703,75.58958269067479,75.00035048458427,75.1855375658676,1840100
75.43806457519531,75.7242581135469,74.92459365325468,75.09294203792275,2222000
75.3959732055664,75.84210219852162,75.10977967124765,75.37072159042995,1933400
76.1788330078125,76.44819437040438,75.35391022245405,75.7579554773826,2532400
76.54075622558594,76.59967879854781,76.01045306892897,76.1451304833795,1512000
76.10306549072266,76.67545267180934,75.9852138934679,76.17040100362202,1407500
74.8404312133789,75.98521196863344,74.63840541355732,75.98521196863344,1967800
76.33031463623047,76.6501791026694,74.73939880486039,74.91616651700389,3047800
76.09463500976562,76.45658982972292,75.99362212207541,76.17038985897369,1474000
74.77308654785156,76.12831240058621,74.7057446170384,76.06097046977305,2067900
74.3437728881836,75.56431460219125,73.88080524655115,75.39596623545866,2408200
73.93132019042969,74.85724911794652,73.67879120016191,74.85724911794652,1884000
73.51045227050781,74.1670200231054,73.43469099485742,73.65354905308322,2565800
72.37409210205078,73.74615033348896,72.22257595694076,73.26635027765397,3650400
70.79159545898438,72.50035711146451,70.3286340541014,72.37409899691168,6934700
70.1181869506836,70.95152251790365,69.242761068904,70.79158702907382,4842800
69.85721588134766,70.72422213432984,69.84038361423656,70.24442224568541,3267900
69.62995147705078,70.24442882638473,69.40267410625033,70.10133206526082,2326300
69.28484344482422,70.13501768809097,69.14174665378255,69.52895313534952,2565300
69.06600189208984,69.6804794597217,68.8808147603385,69.24276967546672,2527100
68.48517608642578,69.73096968582719,68.40941480936384,69.00706641281714,2713700
68.4178237915039,68.83028181322003,68.10637864987456,68.71243666415828,3483700
69.16698455810547,69.629952228004,68.24105564038733,68.45991366816472,2177100
68.33365631103516,69.3690175618131,68.28315307707317,69.14174016482495,2935600
68.50200653076172,69.08281942511786,68.08112911098591,68.84712909757617,3181500
69.89932250976562,70.15184510788741,68.43467089000406,68.46833543208982,3370400
69.88247680664062,70.1686767622986,69.587863927345,69.84039292221503,2587000
71.17878723144531,71.27138077763266,69.45319366230261,69.72255495428038,2697800
70.82525634765625,71.75960479482151,70.67374020968134,71.39764993310813,2263700
70.35387420654297,70.80842261106709,70.26970000320443,70.80000326410922,1879300
69.45319366455078,70.35387108670061,69.20908399023806,70.3033614292733,2221100
69.48684692382812,69.81513071410123,69.14172444467643,69.49525984618928,2898800
70.25286865234375,70.30337189520961,68.8976426440767,69.64680404963045,2131300
70.7494888305664,70.9346694797747,70.30335342152007,70.63164368012521,2252200
70.27812194824219,71.04412206772263,70.04243157981155,70.70741878907278,1849000
69.85721588134766,70.12657710967298,69.31007408010234,70.07607388626144,2002000
70.53907775878906,70.69900685580811,70.02560664996437,70.21920672058785,2224000
71.46498107910156,71.81851654032043,70.80841338767246,70.87574888832424,2330900
71.71752166748047,71.80170230307509,71.20405061634135,71.37240546544973,1736700
72.03739929199219,72.26467033158002,71.67544436073644,71.98688962157601,1770500
71.27136993408203,72.10471172297967,71.19561509258885,72.02895045940771,1814100
71.06092834472656,71.83534110685277,71.0440960768884,71.3892121552383,2829300
70.95993041992188,72.17205293435006,70.77474334105776,72.17205293435006,3768600
71.30504608154297,71.54915573646986,70.30335584616702,70.95992996394239,2523700
71.30504608154297,71.75959442981241,70.81682677168921,71.30504608154297,2897600
71.65860748291016,71.81854300280679,71.05254922125877,71.29665254246305,2079500
71.80170440673828,72.00372380950633,70.96836232891818,71.72594311689961,2071400
71.49024200439453,72.28149364432605,71.0104419810931,71.80169362102461,2067900
70.61483001708984,71.71752706794135,69.69732010316207,71.49025603213215,2690200
71.58282470703125,72.02895369697605,70.87574737758587,71.0020118744953,1940100
70.62320709228516,71.70907121802566,70.32859428811001,71.68381960939314,4155000
70.55524444580078,71.3199340768206,70.48727059363384,70.852621946102,3267300
71.52386474609375,71.6428157721504,70.92910961581045,70.98858512883878,4234900
70.18990325927734,71.52385951012621,69.77357469855674,71.52385951012621,2882700
69.68860626220703,70.16441682850517,69.5866519484138,70.04546580751675,2061000
70.4193115234375,70.43630823121875,69.5101821274818,69.88403191053283,2099100
70.14742279052734,70.67421053376718,70.01148153951544,70.43630848273781,1881200
70.72518157958984,70.78465708720653,69.77357345772302,70.01997384137616,2146900
70.36832427978516,70.82713808895237,70.08793698268124,70.71668543358282,2123000
70.8441390991211,71.09903785936326,70.20689868086043,70.53826317976839,2477700
71.6258316040039,72.27156394796572,70.48729192387441,70.78466951416542,3014900
71.63431549072266,72.11012606449138,71.02256366898042,71.7532665135787,2166000
71.21798706054688,72.01666377198435,71.11602626259382,72.01666377198435,2539200
70.13893127441406,71.32844153558935,69.91801944776233,70.96309010327272,1636800
70.78466033935547,71.1670084621815,69.83305217376771,70.27486932459853,2899200
68.86445617675781,70.6997053628914,68.55008187733914,70.6997053628914,4122300
68.21021270751953,70.12193394475874,68.15923554887678,69.30626699475137,3494100
69.08535766601562,69.8415491308117,68.38864171589975,68.70301599769219,3442200
69.96051025390625,70.15593353453349,68.84746554044158,69.66313263760033,2809100
70.93759155273438,71.94018326218973,70.3853153049054,70.4957744438775,3864700
71.29446411132812,71.38792007952135,70.24088857477794,70.68271224683964,3601900
71.38792419433594,71.86373482877782,70.91212004223945,71.19250741001576,2343100
70.96309661865234,71.47289418578498,70.65722715365625,71.34544479400182,2441400
71.36244201660156,71.58335388519137,71.02257909931247,71.46440283649208,1955900
72.2035903930664,72.62841733788186,71.28596263650228,71.30295286206321,3664800
72.3310317993164,72.68789135218567,71.87221793049416,72.42449424383638,2341100
74.11531066894531,74.27674049785541,72.41600291205631,72.50096700343184,3894500
74.76953887939453,75.10090336265884,73.93687525327881,74.03883604903108,3521600
73.52904510498047,74.97345405995196,73.41009408432843,74.4211777598707,5325600
74.11531066894531,74.20027476032084,72.67939354002382,72.95128252183228,3349500
73.70747375488281,74.56562598483765,73.29963704210542,74.46366518605714,2813500
73.59700775146484,73.96235911130884,73.2571449661122,73.32511881965142,1776400
73.5120620727539,73.9114004945194,73.35063221889334,73.5120620727539,1553100
73.98786926269531,74.0813317179821,73.29964513900669,73.49506840433688,1609800
74.94798278808594,75.02445502321756,74.13231567997575,74.13231567997575,1507500
75.26234436035156,75.34730845426935,74.8545076342634,75.08391781842076,1170700
75.3558120727539,75.41528759088582,74.76105040908939,75.31332678165455,1288900
75.59370422363281,75.8061176865598,75.02443769875114,75.31331689680651,1520800
75.28783416748047,75.42377542349578,74.37020638058344,75.30482439360303,2661600
75.32183074951172,76.41788522163377,75.1943813490611,75.1943813490611,2349200
76.0185317993164,76.71524770437891,75.33031424790009,75.33031424790009,3343300
75.77213287353516,76.73223941916999,75.54272917939042,76.04402185439115,3296300
77.1485824584961,77.54791437606626,75.24535291346685,75.61070437696979,3109600
76.89369201660156,77.68387054744723,76.75774425620635,77.2420532908548,3206500
76.2734146118164,77.00411735853224,75.7721220086952,76.69824148863522,2231600
76.71525573730469,76.81721654470165,75.58521443078281,76.21395653720111,2244200
77.19954681396484,77.81129860320543,76.392378275705,76.68975581704578,2937700
77.301513671875,77.58189452865729,76.70675206018029,77.42895656934661,4088400
76.74073791503906,77.1655648535595,75.7891232391092,76.90217422602711,2558800
76.7237548828125,77.37798557723843,76.16298015986577,76.85119779044108,2535000
76.40087890625,77.34399527573655,76.31591481074611,76.85969280078494,2361500
76.44336700439453,77.87928425585515,76.23945187122253,77.0296303049024,3969900
75.72116088867188,77.47144591736631,73.98786608641596,76.80871688639832,4777200
75.585205078125,76.1799666574957,74.81202345199077,74.99894185223877,2837900
75.47476196289062,76.29892733187846,75.04143663316961,75.41528644566188,3561600
75.95906066894531,76.91066889717047,75.61919780928852,75.68717167768887,3239000
76.5793228149414,76.7152705844481,75.16890035921487,75.74666541492545,4460800
76.80870819091797,76.8851739247522,75.71265396288355,75.90807071535616,5909000
75.06694030761719,76.5793236060985,74.6930969023044,76.39240514461537,4817000
76.36689758300781,76.46036003963319,74.60811409922786,75.14340025669053,3518800
76.63027954101562,76.97863423385486,76.13747877324874,76.4688432420434,2529800
75.76362609863281,76.7152406670296,75.12638576286074,75.84859018026698,3439600
76.30741882324219,76.79172131321492,75.43227629595332,75.43227629595332,3011400
76.63878631591797,76.9276720396091,76.22245768124807,76.52833363228791,2415300
76.6044921875,77.23872520116936,76.33023156011755,77.1530134422649,2828700
74.89894104003906,76.27881678819513,74.72753058416082,75.92741685308805,3065100
75.12177276611328,75.97883804230649,75.01035009531911,75.04463349103354,3340500
73.86187744140625,75.4645916812998,73.21907855668951,75.36174150574529,2659100
73.22765350341797,74.40182865412189,72.81625932624533,74.05043531887463,3790700
73.20195770263672,73.6476288259146,72.31060891719099,73.39050659474931,2622900
73.27051544189453,73.60477040757019,72.16490034816366,72.91054956176534,3155000
73.45906829833984,74.0247345521017,72.85912518576468,73.10767491494282,3909500
73.69904327392578,74.26470951026886,72.97911156100474,73.45906603628544,2481200
72.54199981689453,73.86188104253009,72.36201690506542,73.69903655801811,3615400
74.18756866455078,74.7446624052312,72.73913278544872,74.71037900930895,6582000
76.67304229736328,76.76731998053492,74.47895775566923,74.72750741685921,4073700
77.69297790527344,77.89867176532081,75.7988642025661,76.05597989290284,5547300
77.31586456298828,78.57575167573377,76.84448254306514,77.43585318906979,4013000
78.19863891601562,78.41290524861894,77.05017451192886,77.05017451192886,3146500
80.5469970703125,81.15551262824182,78.35290552943724,78.35290552943724,4173700
82.56111907958984,82.61254091583388,79.78422222238032,80.28132176904148,4675100
83.3581771850586,84.1209648180775,81.54976878617838,82.28684550510063,4111300
81.63545989990234,84.06095597334817,81.57546559775191,83.62385089260164,3689900
81.42977905273438,82.19256667537043,80.73555168712629,82.19256667537043,3006200
82.26969909667969,82.46682699945356,80.55556843874514,81.08695129670508,2897900
81.88401794433594,82.98963294436766,81.60118483153707,82.57823873130664,2254900
81.19835662841797,82.57823214751264,81.0269462009941,81.7640228089163,2948400
82.37254333496094,82.4153992138668,81.30121175120469,81.88401639432365,3673700
81.481201171875,82.27827219532278,80.04133114690127,82.20970539915984,2880000
81.3697738647461,82.25254999279682,81.21550186399722,81.60975107949129,2863600
80.6241455078125,81.71261573718631,80.04134074829611,81.36979479302755,5719000
81.15550994873047,81.76402548656843,80.52984944425546,80.56413283864069,2426000
81.63545989990234,81.93543141065447,80.81267809660145,81.18978887519755,3653900
82.28685760498047,82.68967942209999,81.45550305286413,81.59263012784,2989400
82.6553726196289,83.29817154015346,81.98686278850556,82.52681152774625,3036600
82.99819946289062,83.46958798748035,82.57823930209473,82.57823930209473,2032200
83.65814971923828,83.66672220366661,82.25256306192074,82.94678390615118,2465400
84.58377075195312,84.68661439601492,83.4352999284485,83.52957762809771,2943100
85.20942687988281,85.22657184692103,84.13809530111074,84.58377289965777,2164100
85.50941467285156,86.28077486401106,85.29514831635672,85.54369807455757,3670600
87.00069427490234,87.09497197433934,84.66090329443043,85.54367944471431,2569100
86.26361846923828,86.64072273169637,84.99515902581855,86.43502890318388,2580800
86.82926940917969,88.02058946041723,86.25503732037362,86.25503732037362,2235300
89.55475616455078,89.82901681369039,86.79500470445805,86.98356012678335,3364500
88.5948257446289,89.50331269923964,87.87488762787302,89.45189088335997,3226300
88.26914978027344,89.254776142453,88.02060006884457,88.77482168666707,2180400
86.90642547607422,88.90338925755889,86.68358666013823,88.49199502343781,3621200
87.68634033203125,88.30342833500862,86.58072541651157,86.96640868781677,2493900
87.63492584228516,88.14059122437088,86.81214394911721,87.96060829826126,1737400
87.45494079589844,88.07202883553589,87.30924126956434,88.04631792369918,2188300
87.1292495727539,87.90060300572618,86.64071614150178,87.6006314996938,1818200
87.7892074584961,87.96919040429262,87.01784730587532,87.26639705165812,1892100
88.13202667236328,88.56912526887083,87.64349971123357,88.26915372061389,2335100
87.52352142333984,88.71484181196367,87.37781533508196,87.8834873237391,3004600
85.92080688476562,87.54923246267886,85.8093907360726,87.42067134410068,2426500
86.13508605957031,86.59790223202002,84.44666591347358,86.1265135733515,3140100
85.0551528930664,87.00926060108259,85.02086949867626,85.92936310279293,2050800
85.30371856689453,86.47790052372798,84.16382001086899,85.23515176527869,3436000
87.7892074584961,88.07204060427203,84.3780843564131,85.75796014640972,4355000
84.94375610351562,87.6263685710938,84.6952063417696,87.36068037769546,3589200
84.10382080078125,86.03221784651913,83.12676682071857,85.25229177491002,2652900
84.489501953125,85.8265217778919,84.05239680314753,84.6352014901543,2844800
86.3236083984375,86.4864528796519,84.49805532891597,84.8237442913448,2987900
85.4151382446289,86.61502453617751,84.60949470125495,85.83509844667093,2680400
85.40655517578125,85.80080441398744,84.5580623922264,85.26942159437611,3291000
86.11489868164062,87.02191289769651,84.48226650226437,85.43247469595534,3170300
85.58798217773438,87.7734634699267,84.62049354892986,86.60729831845583,3174300
86.19264221191406,87.50566271722188,85.32881536017634,85.45839070603216,3331400
85.11286926269531,86.59865268747032,83.94670418549802,85.9507824678633,2905400
86.11489868164062,86.22719379682592,84.56000775343672,85.30289935352573,2270400
85.85574340820312,86.62454871759397,85.51021137701643,86.26174305056183,2142200
86.72821044921875,86.77139783414226,84.69821882450366,86.09761399696218,2521200
86.2790298461914,87.71298568766517,86.00260549717525,87.13422323667453,3580900
85.55341339111328,86.02851421197049,84.28358684671005,85.92485920620757,2749800
86.12352752685547,86.33085069967204,84.81915383121337,85.56204539095108,2925600
86.61592102050781,87.60068975721923,86.02851846043104,86.86643161426606,2485500
88.30037689208984,88.60271495516442,86.3049390853221,86.99599657371036,2534300
88.52497863769531,88.96552558679862,87.89438213631824,88.41267692910063,2393000
88.6113510131836,89.39742994120218,88.52496965489779,89.0605380305549,2574800
89.46656036376953,89.51838787379582,88.02397088390495,88.47315801524549,2713400
88.13624572753906,89.1037340983054,87.41063439232083,88.78411581561622,3319500
88.14488983154297,88.88778142674445,87.14284755318722,88.67182472094113,2234500
88.3262939453125,88.73229361254457,86.39132367878751,88.55952429112894,2261200
88.06715393066406,88.53362126930057,87.79072957337686,88.03260665267014,1682400
88.16217803955078,88.79277462453013,87.70435080205462,88.41268865054386,1499000
88.4817886352539,88.57681012042308,87.34153740370007,88.31765941714787,1461700
86.84050750732422,88.27446316466063,86.59863705680374,88.27446316466063,1814500
84.87960815429688,87.40198038107252,84.80186032904338,86.78866425274192,2279800
84.87960815429688,85.65705345446041,83.79982484586816,84.17127056758662,3003000
80.34455108642578,84.29224021138633,79.9990189684547,83.87760035172563,4241100
78.12449645996094,81.02695498166369,77.19156195145462,80.43955250487919,3482800
78.305908203125,79.39433192021933,76.61280830457608,78.70326777814888,3954800
77.04472351074219,77.65803982040383,76.24136422813373,76.97561577685676,3908000
76.37091827392578,77.99491002427928,75.69712794224593,77.83078084971278,8000800
77.70122528076172,78.19360633912892,76.40548495974528,76.49187292019391,3197400
78.01219940185547,78.74645748438095,77.28658802349355,77.29522813718141,2632500
79.82624053955078,80.00764338302966,78.46139256616608,78.71190313777282,2991900
80.85417938232422,81.10468992107779,79.83486359278115,79.91261142434769,3647200
82.04627227783203,82.08081955017742,80.517295152768,80.70733810304492,2910900
82.13265228271484,83.09150054110675,81.87350161107771,82.14128580542082,2318500
82.3831558227539,82.6854938535901,81.89077486097074,82.2708541323899,1700100
82.87554168701172,83.48885789740989,81.62298892734631,81.72665051139712,3046800
84.6118392944336,84.67230691172465,82.40044461581677,82.92737953384281,2833600
80.83692169189453,84.48227221062548,80.02492230891386,84.32678310729888,3654900
81.89078521728516,82.73733181068498,80.56912464595784,80.99240453313337,2574100
81.6489028930664,82.68549896490813,81.55388801219422,82.29677296653928,2604500
81.49340057373047,82.0117018206942,81.05285374047507,81.93395399746,1979100
82.07218933105469,82.45226865643276,81.02695965293248,81.4243192056543,1699200
81.51934814453125,82.85827590526651,81.17381606126925,81.98581546836348,1945100
81.11334228515625,81.83032015017886,80.52593976533272,80.72461624955896,2071100
81.43295288085938,81.58844197486475,79.58436398017093,79.8607883039054,2043200
82.25360107421875,82.29678846629906,80.65552257676559,81.60573087872613,2376900
80.655517578125,82.03763925809004,80.56049609477027,82.03763925809004,2354100
80.84553527832031,81.45021790457022,80.6727725796629,81.45021790457022,2568900
80.08539581298828,81.22564712435656,79.63620869840904,81.07879812444378,2293300
80.15451049804688,80.20633801063131,79.52391386953502,79.86944599787807,2061600
81.5020523071289,81.51069241993677,80.50001670709317,80.80235475061795,1870100
82.75463104248047,82.85828606683768,81.24293375948457,81.64892692234554,2626800
83.2901840209961,83.70482381241824,82.62504024051005,82.68550785691787,2492400
83.17788696289062,83.39384367223748,81.49342067569972,81.9167005711621,2757600
84.32676696777344,84.46497581623596,82.86689769875294,83.87757338170181,2805200
85.13876342773438,85.65706475654726,83.91213100922424,84.1108140639992,5858500
85.60523223876953,85.7002537114289,84.55136251689314,84.89689454561125,2643200
85.0523910522461,86.16672848212009,84.96600968514616,85.60523971025671,2139300
86.02851867675781,86.23584187999538,83.55797978103493,84.97465538411016,2099000
86.33949279785156,86.68502486305648,85.57068741277051,85.92485959198645,2864500
85.91620635986328,86.52952255148176,85.23378244766032,86.33084609289513,2699300
86.4517822265625,87.40199032802518,85.9680347678101,86.76276038201938,2050400
87.55747985839844,87.79254225979903,86.6259249512457,86.6259249512457,1867100
88.22785186767578,88.28880110839047,87.31371289063135,88.02761474795203,2311400
88.10595703125,89.22034629058534,87.7054761933732,88.19302357003376,2214200
90.35213470458984,90.41307729401392,88.54996768334173,88.90692188014282,3186600
91.03121185302734,91.09215444290852,90.18671693449946,90.35213538228157,2056700
90.94413757324219,91.80604167729129,90.43918096996369,90.43918096996369,2063200
90.83097839355469,91.54488017881403,90.3869642825262,90.3869642825262,1877000
90.86580657958984,91.83218674735059,90.74392139106548,91.05733570281055,2151200
91.36203002929688,91.71897751339571,90.52624326406729,90.78742289193997,2426200
90.0300064086914,91.41427655104457,89.85587999181944,91.41427655104457,2612400
89.4118881225586,90.09967269485462,89.00270588640349,90.09967269485462,1169500
89.37705993652344,89.48152915918445,88.7153927432772,89.35964397125022,1382500
90.00389862060547,90.0822571828245,88.88951592156235,89.76883621843803,1466200
88.64573669433594,90.3086092363123,88.58479410413096,90.1867174136582,2004700
89.61210632324219,90.16058957097617,87.6967623044705,88.32359745520502,1663500
88.22785186767578,89.60342096712746,87.8970215677328,89.57730365953263,1826200
87.2353286743164,88.70666523047043,87.06120891338688,88.31489244725745,3253700
89.1332778930664,89.65565054589834,87.24405094435606,87.27887623069448,2828600
88.01018524169922,90.32601691176227,87.65323768907507,89.44669671862425,2320800
88.41936492919922,89.89070153997184,88.06241741337024,88.10594403409685,2740800
91.18791961669922,91.37074738092525,88.95915451880778,88.95915451880778,2845600
90.52626037597656,91.5187577624357,90.09965561133197,90.5784949829763,2929900
91.16180419921875,91.84088066388884,90.22154141325522,91.10956959185769,2000000
91.57098388671875,91.9366393863323,90.83966624524824,91.16179512380879,1772500
88.97655487060547,91.31850356900964,88.65443264135568,90.83966425222852,3093400
89.95164489746094,90.45660152639057,88.97655692182892,88.97655692182892,1430600
87.22663116455078,89.62951585361702,86.99156217051042,89.62951585361702,3097500
87.37462615966797,87.96664262132457,87.03508799041934,87.38333414002489,5319700
88.027587890625,88.06241317087456,86.80002167023939,87.19180109136467,2873400
86.85227966308594,87.75771719747871,85.8858995370631,87.74030123287336,2273600
85.81625366210938,88.03631767150688,85.79884433879508,87.44430104515052,2853200
86.08612060546875,86.63461047025743,85.35480964207464,85.58117064408653,1939500
85.09363555908203,85.57247493155567,84.00537029640924,85.45058975351584,2096800
83.25664520263672,85.16328811274673,82.06391069801508,84.75409930169624,3504700
80.84503936767578,83.5352275427865,80.68832892547805,83.47428496205644,2924100
81.45447540283203,81.97684803724509,80.66222175386176,81.74177902331043,3419200
77.5454330444336,81.59378134596065,77.33648796371604,81.59378134596065,3429200
75.2644271850586,78.35510336351732,74.942304900045,78.05039040110807,5127200
76.81410217285156,77.59764768445967,75.86513160812046,76.35267221840866,6209900
78.9297103881836,79.38242583912299,76.93600752308222,77.11012731754097,5094100
76.35269165039062,78.04168154051702,76.08280397847142,77.89367905219,3296800
73.57542419433594,76.31785340532736,73.29682861164034,76.16114297492092,4211100
72.2520980834961,73.89755446129703,71.88644258670551,73.61025750938636,3717000
73.52320098876953,73.99333239529604,72.45235165355159,72.47846895798457,4127900
73.88885498046875,75.03806274373888,73.28813047617633,73.40130766357835,3921000
71.1638412475586,73.8888617565606,71.1028986576389,73.8888617565606,2552800
73.81050109863281,74.03686212998697,69.91016217045933,70.34546826954751,4047100
72.7135238647461,75.02064739130824,72.38269363886582,74.29803771247765,4001200
74.04557037353516,74.92488391438586,73.76697473482369,73.8279173232217,3606400
75.37760162353516,75.62137196304265,74.29803777393968,74.83781969873742,2612300
74.78559112548828,75.16865598606958,74.04557206595709,74.41122760470274,1806500
73.07048034667969,75.12512561761758,72.73094212872539,75.12512561761758,3165500
74.55052947998047,75.01195958231708,72.61777573733553,73.22720169552383,2278600
74.87264251708984,75.73454665833053,74.21968342537103,75.29053925837695,2141900
76.10892486572266,76.23081005505207,74.86394902421954,74.9161902783926,2580000
76.13502502441406,77.14493824254008,75.95219728159674,76.61386433339504,2197600
75.89996337890625,77.76307274730064,75.00323397588616,75.02064329535311,2740500
77.83272552490234,77.97202001133212,76.2307957563779,76.2307957563779,2633900
76.54420471191406,77.82400540240143,76.05666412210645,77.78918012566625,4104000
77.07530975341797,77.65861842977321,76.28305597432632,76.70094617979915,4169800
76.79669952392578,78.91228738489971,76.76187423969135,77.05788583456209,3166600
77.20589447021484,77.98944682239029,75.9435093666642,76.41363413572515,4020800
77.98072814941406,78.0764960150088,76.3700970387878,77.32776905249179,3304300
76.6138687133789,78.2157918709272,75.46466094836796,78.2157918709272,3038600
77.70214080810547,78.024269721431,76.61387553068103,76.66611013847928,2959600
77.17487335205078,78.03608532220287,77.00790211084077,77.60547598482917,2932000
80.67242431640625,80.83060580348132,78.15909996876567,79.38060995605882,4114900
79.07303619384766,80.78666337226191,78.34364341345842,80.20666235520233,3966700
77.91304016113281,79.60908787879269,77.73727923121893,79.38060872679554,3045700
78.40516662597656,79.60031427232406,77.37699020664068,78.84455894582211,4912300
78.86212921142578,79.6178845141884,78.66001250521863,78.85334619261296,3294700
78.27335357666016,78.67759373728924,77.7812362862587,78.25578083254378,2587800
80.21546173095703,80.48788282682263,78.80940763272275,78.80940763272275,4318800
81.85877990722656,82.0169613900312,80.26817535663719,80.33847972779344,3150700
82.35091400146484,83.22090898318956,81.7621298574994,82.26303687177668,3286800
83.59877014160156,83.66907451328605,82.1048391185728,82.35089771487458,3323000
83.89755249023438,84.19633598494413,83.44058082179286,83.79209594261096,1252000
83.67788696289062,85.4881814455834,82.59697874459617,85.38273156401029,4529100
83.17697143554688,83.37908815769595,82.61454977581768,83.1330295196388,2044500
85.06636810302734,85.13666578887444,82.57940560402804,83.1066751231576,4346800
84.78514099121094,86.30543459164696,84.34574869207542,85.89240475772446,2846500
83.58999633789062,83.83605496131598,83.0451474541669,83.7218086685866,3492000
83.06271362304688,83.42301851068665,82.70241544000122,83.0715033459292,2496000
84.6884765625,84.92574546077337,82.79029855793465,82.90453814531152,4255100
84.95210266113281,86.68330933449232,84.60058749267603,85.6551329980464,6140700
85.87483978271484,86.37574678085,84.67090236053964,84.8290838707189,3735000
84.87303161621094,86.05938967174656,84.67090817642257,85.9187808954424,2552300
86.60423278808594,86.63937827519858,84.67969219581002,85.52332468300898,2132700
86.6657485961914,88.1596798882969,85.69029705330772,87.6763456266536,4842800
86.55148315429688,88.12450820706147,86.10330788853791,86.99087540240116,3048300
83.98544311523438,86.57785497751178,83.76574696742802,86.41967348290741,6069100
83.10667419433594,83.41424751834101,81.56001114485888,83.41424751834101,6084100
82.60575103759766,83.60756492870736,82.13999628001437,82.69362815522943,3337000
82.31575775146484,82.92212131423842,81.98182199327087,82.63212076642542,1975400
83.78331756591797,83.80089701186562,82.4036260611725,82.65847439065978,2399200
83.01879119873047,83.49333573852098,81.70061415639964,83.44060409770304,3310100
84.09090423583984,84.12605642594471,82.67606043094374,82.8254522104434,1406200
84.6181640625,84.76755582502328,83.69543761473817,84.33695327821161,1327300
83.8009033203125,85.11908027266063,83.74817838768888,84.793927544094,1391800
84.37212371826172,84.94333513309637,84.0733334239778,84.30181933083075,1415900
83.44059753417969,84.4336284522303,82.66726947716397,84.27544695140952,1405300
83.37029266357422,83.73938056543368,82.06968857968668,83.39665512733646,1870500
83.94149017333984,85.12785457927318,83.38785836727284,83.72179405440308,1963500
82.41240692138672,83.8799753842632,82.14877560187114,83.34391631861001,2374200
84.8290786743164,85.40029002078369,83.27363283999864,83.27363283999864,2287500
86.07695007324219,86.40210279337278,84.5654461722916,84.72362767065317,2561400
85.4881820678711,86.19121257158939,84.77636854368825,85.77818265349957,3975900
85.79573822021484,85.93634697464284,85.26846880029873,85.46180248534,5187300
84.72361755371094,85.9802729625429,84.58300881436001,85.7517938179882,2505500
83.34394073486328,84.23151519115252,83.19454893957962,84.05576092665356,3709700
83.36151885986328,83.92394054284034,82.88697430773976,83.29121447334232,2575400
81.24363708496094,83.6690845626408,81.16454968576227,83.58999716344213,3775900
80.52304077148438,81.4281946569807,80.41759089695316,81.11183162419651,1778500
80.99757385253906,81.58635791729235,79.16970030071955,80.18030391765977,3154200
81.42818450927734,82.16636035738433,80.4703058058877,80.78666879924626,2157400
81.46333312988281,81.66545654631975,80.22425027868277,81.1557598479959,2225300
81.15576171875,81.32273294902097,80.49667322611599,81.2348558242554,2302700
81.71817016601562,82.05211257262889,80.81302318837315,80.94484220653135,2262900
81.78846740722656,82.14877224514674,81.06786443597936,81.45453173431456,1647700
81.61273193359375,82.579393696712,81.44576070651702,81.66545686652547,2866700
82.57060241699219,82.71999419387993,80.77788098055547,81.80605738091643,3339000
83.17697143554688,83.66029898756054,81.69182317850836,81.9203090729593,3290400
83.08907318115234,84.03815530024904,82.23665118420445,83.17695028602883,2533600
80.94485473632812,82.68484459065658,79.95183049439703,82.57060499968586,2593300
81.2875747680664,81.35787914453603,80.47909455244883,80.79545754196776,2657000
81.09424591064453,81.31394207173952,79.6881918205556,80.91849166360645,3160800
79.424560546875,80.64607077079877,79.0994144915514,80.64607077079877,2901700
78.47555541992188,80.03654707023625,78.16512456174313,79.59308214910969,2779800
80.31147766113281,80.37356246221171,78.6174388839668,78.8835204695825,2053100
80.79042053222656,81.03876652431535,80.3292200803916,80.40017607813125,3107200
80.24940490722656,81.23389068163137,79.77932646650508,80.60417138565789,1989700
80.6396484375,80.66625524639544,79.761589910267,80.04540714971286,1687500
80.44452667236328,80.88799155317396,79.14961003240454,79.81480735362057,2054600
81.961181640625,82.24499889063108,80.13410174989487,80.39131219001554,3127600
80.57756042480469,81.55318172369698,80.22278719791572,81.13633045634417,2834600
80.55094146728516,81.15405383200665,79.92122229873904,80.16956149008281,3583000
80.4533920288086,80.6839956447892,78.84805144207655,80.00992718016556,3829200
80.2050552368164,80.63964890702462,79.08752188954418,79.3269967044709,3248100
79.88575744628906,81.18954518205817,79.71723863869707,80.70173114257429,2931400
78.02322387695312,80.1075077750156,77.83696941117611,79.36248991190756,3593800
76.5952377319336,77.74824887248346,76.03647454232066,77.71277087789503,2997900
78.04094696044922,78.21833697083835,76.14291783307594,76.36465027100961,2549200
79.01656341552734,79.03430579883036,77.35800921373388,78.12963371900068,2715600
79.26490783691406,79.65515229423744,78.81257180600258,78.9367414197059,1735400
78.60856628417969,79.98330984065753,78.21832187013753,79.4422822552103,3381000
79.20281982421875,79.53097946140777,78.33362579674092,78.88352461140944,2108300
78.72388458251953,80.49774403920797,78.45780295732153,79.62854992806643,2006500
77.63294982910156,79.22942587797814,77.16287820547015,79.07864946412205,2660400
79.2737808227539,80.6928738755937,77.80148091552779,77.87243692151722,4420600
80.04541015625,80.80817028467344,79.38908403414273,79.68176570972247,2926900
82.12080383300781,82.5997466022875,79.58419154396684,79.9744359448079,4085000
81.60640716552734,82.60863533439338,80.37357536987608,81.77491921452621,4169200
80.44452667236328,81.47336844387786,79.91237016873788,81.26937162134064,8072300
81.3846664428711,81.99664329896919,80.58642840585595,80.8525100071064,2718300
78.84805297851562,81.41127931228058,77.81034683648691,81.32258769417105,4532000
77.02984619140625,79.33586215085519,76.99436818997019,78.72388523460955,3156000
75.75267791748047,77.63296477397408,75.5752878963809,76.99437423149044,3862100
79.01656341552734,79.03430579883036,75.85909586124811,75.96552986085648,2527200
78.53763580322266,79.70838285821569,78.41346617365804,79.3270027769137,1919000
78.87466430664062,79.72611606940484,78.45780623423025,78.51989104713793,2158900
79.91236114501953,79.93010352762124,79.12299428765093,79.19395028458517,3185900
80.2050552368164,80.87025253002231,78.56423660025585,80.16957723583701,3617600
80.70174407958984,80.83478490866155,80.0986315189708,80.57757444358631,2210600
80.62191009521484,81.2605005540659,79.9212348287942,80.24053005821972,2926200
80.86138153076172,81.01215796023081,80.17844861880728,80.42678785951799,3146900
83.85033416748047,84.17850059061718,81.36692831507692,81.43788431468538,4232600
84.16075897216797,85.18960067563066,83.30043607762266,84.55101020682439,2991500
83.76165008544922,84.03659615024188,82.82149992291484,83.82373489900682,1977400
83.6729507446289,83.99224600122501,83.10531623662185,83.8503407575918,2682600
83.60198974609375,84.13414617665109,83.23834534572562,83.90354257560632,2434300
83.34478759765625,83.5399132204352,81.66849095358167,83.28270278738448,2062200
82.0409927368164,82.67958316836456,81.68621952298564,82.44010837316588,1994100
82.74166870117188,83.01661473010977,81.93455946343818,82.52880747769532,1632000
82.0143814086914,82.84809740022243,81.65073702370928,82.84809740022243,2070900
82.96341705322266,82.97228824620309,82.20065685860757,82.44012493517855,1622000
82.93680572509766,83.38913504140649,82.57316126681388,83.18514498112695,2099700
83.30044555664062,83.72617483986875,82.76828902765853,83.4423575732958,2506900
83.58424377441406,83.79711175088433,82.69731417266215,83.09643655349201,2197400
83.70841979980469,84.01885059762418,83.42460257613777,83.56651457133941,1642500
81.81925964355469,83.56651212458264,81.606398423721,83.1319184937908,1998900
82.31594848632812,82.67959293431008,81.80153437058499,81.91683280283591,2004700
81.97003936767578,82.74167062498171,81.08310968804267,82.14742936364428,2621600
82.17403411865234,82.98113658825415,81.6152641037302,81.86361009188242,3046300
80.95894622802734,82.38690366211647,80.47113892719213,82.26273403886846,2134300
80.5953140258789,81.72171190379247,80.41792400437535,81.36693862752277,1998400
81.1008529663086,81.93456227298655,79.5221192018113,80.3646997000697,2365100
81.6950912475586,81.82813204945576,80.48886637270043,80.63964279037363,3328700
81.72171020507812,82.37803635415496,81.10086205956452,81.65075419795163,2476700
81.53376007080078,81.73065937974191,80.78197015838514,81.44426224716743,2026700
82.08865356445312,82.35714702247265,81.17575805374734,81.90965109752752,1657500
81.15786743164062,82.15130900729984,80.71932330354444,81.82015953933129,1676800
82.03495788574219,82.27660268563652,81.47110863891197,81.82015492111827,3314600
80.62979888916016,82.42873411614364,80.20020669743694,82.33028448298941,2788600
78.83982849121094,80.84461514397712,78.77717933507736,80.75511732496429,2482900
77.92694854736328,78.95619065199926,77.26465641853312,78.91143832335335,2674900
77.5420913696289,77.64949284707146,76.73659735942412,77.3899443977696,2595400
77.47049713134766,78.27599121170059,77.37204747551306,77.63159594741825,2117100
77.33623504638672,78.24912356382234,77.22883358564648,78.00747881246267,1458000
76.96929931640625,77.71214419277385,76.86189783593575,77.08564579906484,1812100
76.22645568847656,77.32729868952951,76.18171019206547,76.78135310429336,1767900
73.83683013916016,75.5820615747873,72.9418382586855,75.5104674138164,4953100
73.61308288574219,73.8547276913947,72.78074015566716,73.67573204485552,3387100
73.20138549804688,73.84578073372107,72.78073822874589,73.60412910622023,3346100
74.39171600341797,74.72285857765948,72.96867558390296,73.30877681571219,3091100
73.40721893310547,74.64231189466969,72.90602574768523,74.58860774748536,2995700
74.68705749511719,75.19720251053211,72.68227792221849,72.97762683331267,3066200
75.17931365966797,75.85950936183093,74.75866640738622,74.97346253450503,2349400
74.6781234741211,75.29566321837143,74.19482704715601,74.7318208010352,2953500
75.69841003417969,75.89530932777477,74.2127203303228,74.83921870342039,2763900
75.78790283203125,76.18170139314338,75.08981034878357,76.18170139314338,3349100
74.89290618896484,76.03849447947948,74.77655972541861,75.78789789446,3019600
74.90187072753906,75.08086636771277,74.48122346206027,74.89291889705659,2981400
74.40067291259766,74.88396934969698,74.15007627741568,74.46332207139315,2907600
74.83026123046875,75.45675272807804,74.31116437345236,74.73181159109511,2287500
75.96690368652344,76.15485115047967,75.00926270641551,75.46571044930681,3233300
76.01165771484375,76.55760328688284,75.6089141156491,75.9669053912684,5317200
75.6626205444336,76.53076383157446,75.13457174134673,76.0027150284876,2632900
76.47703552246094,76.52178783728934,74.2127076883328,75.17930033137199,3541800
76.16380310058594,77.01404943305539,75.7879081720815,76.79030147633908,4391300
74.72285461425781,76.63813629300716,74.32011108328747,76.63813629300716,3785300
74.98241424560547,75.48360748416852,74.2037757254444,74.88396459828118,3244300
74.6781234741211,75.17931673397553,74.64232298009634,74.97346560039472,3679100
73.04923248291016,74.69601410176895,72.79862904555533,74.60651628826497,4762100
74.51701354980469,74.88395660939277,72.30638287830874,72.64647727844465,5088900
75.35831451416016,75.50151649432254,74.60652460304632,74.7765752474276,3236400
76.36070251464844,76.41439983930584,75.06296709495895,75.34041237668322,1533400
76.79029846191406,77.39889315342172,75.83265751789051,76.1638001107543,2950900
76.36964416503906,76.63813758078263,75.6357512368149,76.19064172629851,2539200
75.43888092041016,76.10117312731396,75.40308041892246,75.97587478623073,1753600
75.48360443115234,76.00270130909479,74.82131241723175,75.44781076834192,3489000
76.9872055053711,77.0767101640971,75.43887323616495,75.62682072864534,3292100
78.07908630371094,78.33863475701298,76.87980051422481,77.12144530688762,3590200
78.1148910522461,78.32968719389746,77.68529876894337,78.00749639554353,3128200
78.06119537353516,78.38339300694422,77.27359812375909,77.9090483878271,2641600
76.50389862060547,77.8642830908686,76.45914630132411,77.77478528055113,3161600
75.77896881103516,77.30045926400885,75.18827765879595,76.62921528340934,3040900
76.40545654296875,77.06774859876228,75.85055913888742,75.85951096927873,2832100
77.70318603515625,77.80163567717621,76.28015238308751,76.56654947944229,2850700
78.69662475585938,79.03671916228156,77.82848166688561,77.97168362427084,8462300
78.40129852294922,78.83984269489177,77.81955235219033,78.6160946929266,2382200
78.34757995605469,78.98302329004693,77.96273322383456,78.19543299472808,2667600
78.41024017333984,79.52002820707156,78.03434521762775,78.28494185476914,2755700
76.30699157714844,78.44602111885419,75.42094490889367,78.12382357189692,4837900
76.45020294189453,77.61369508966303,76.10115666321319,76.53075575987653,3504000
75.84161376953125,76.73660569402311,75.24197081890087,76.5039127099927,5903600
75.2061538696289,76.08324876817673,75.01820642599259,75.93109498483257,3750000
75.62681579589844,75.93110976532962,74.91081954227188,75.08087018886361,3160800
73.38037109375,75.5641531316218,73.37142609265683,75.45675166429781,3287300
72.7091293334961,74.15901845608533,72.43168407040467,73.62202476083775,2578500
72.38693237304688,73.38037379050641,72.27058590035395,72.94182973224578,3267100
72.3332290649414,72.55697699038706,71.33083590077675,72.16317845656437,3797400
72.98432159423828,73.3731616501739,72.2156861996952,72.34228464589768,3878100
73.31891632080078,74.14180632410769,72.9572034724807,73.64445719437899,4083600
73.34603881835938,73.7710508701281,73.03858050255077,73.37316607288106,2067300
72.34228515625,73.40028942087666,72.14334276821465,73.40028942087666,2733100
71.52842712402344,72.01673833613857,71.32044693497834,71.89013989956398,3405700
71.60981750488281,72.25185441990047,71.37470316023912,71.7183265107972,3285900
71.23905944824219,72.35132504387401,71.22097691376331,71.77258735318513,2790500
71.45608520507812,71.67311701598396,70.93160890979958,71.16671635630124,3155200
71.04012298583984,71.59173347116975,70.35287623288623,71.43800776846419,2571300
71.0943832397461,71.36566266969487,70.7145809992611,70.9225681047433,2558200
71.82685852050781,71.86303049695543,71.1757767426488,71.44706311645642,3045300
71.2842788696289,72.76729512133811,71.24810690018505,71.7635453913389,2787100
71.73641204833984,72.17046184661812,71.3023553509644,71.4379985000878,1875700
71.61885070800781,72.30610426393947,71.38374327761038,72.06195211726613,1608300
72.0077133178711,72.36942619236153,71.52844669128845,71.75451637545757,1967700
71.83589172363281,72.19759763192705,71.48322363367734,71.8991909474941,1854800
70.89543151855469,72.18854997179396,70.80500505380938,72.0529068251275,3095900
70.09967803955078,71.47418545353922,69.63850089456524,71.31141502028002,2548200
68.72517395019531,70.00021009425951,68.24590739360887,69.94594868659624,2972500
69.06879425048828,69.24965410278853,68.50814595610235,68.607617150093,2752300
69.93690490722656,70.47043287863522,69.43955580747769,69.65658074374814,2899600
70.29862213134766,70.40713805582037,69.78318356352509,69.99117069398977,2164200
70.35287475585938,71.02203895878039,70.28053081524686,70.34383003850833,2540400
70.37095642089844,70.533726835714,69.84647320659299,70.28957466303957,2681800
71.73641204833984,72.02578088022442,70.5246753216939,70.54276475442884,2936800
72.88484954833984,72.96623820514533,72.09813162744112,72.14334141535723,2779600
72.37846374511719,73.25561513670046,72.32420923400022,72.95720152736001,4598000
72.55025482177734,72.84866143300036,71.87204606146784,72.59546459967355,1650900
72.39654541015625,72.91198395685262,72.21569244254641,72.58644309587613,2238500
72.74921417236328,73.58115576841207,72.26994759475278,72.83060283787937,2073800
72.23377227783203,73.17422285224319,71.98962009078119,72.694956296815,3163300
71.59174346923828,72.1614434692109,71.47418972118155,71.85398512176394,2515600
71.14862823486328,71.51034099220632,70.4252027201772,71.29330919834229,2229000
69.03262329101562,71.02204030086588,68.91506955962232,71.02204030086588,2910000
68.59856414794922,69.1953843407163,67.7123682264501,69.03261394285308,3455500
67.52246856689453,69.05974603404186,67.12459074993734,68.9060134579593,3162400
68.01984405517578,68.62570912070798,67.30546306334423,68.0379265933429,3419100
64.96337890625,67.78473095172396,64.23996008114574,67.49536204186245,6352000
65.84051513671875,66.09371201193802,63.19097886543581,64.2309005164556,5808600
66.27457427978516,66.50064391224488,65.06283746227024,65.90381677098432,4031700
64.502197265625,66.15702883821798,63.507492138072976,66.08468489098911,8103100
65.27986907958984,65.37029555248105,62.738841727031826,63.760680878085616,4584500
66.60916137695312,66.63628862962696,65.23465411596463,65.56019494624623,3391900
67.12460327148438,67.18790249729213,66.41022235216937,66.60916474730749,5050400
68.07408905029297,68.20973221442607,67.043212041438,67.70333842736692,2388500
66.4463882446289,67.68524539339218,65.74104520846372,67.61290145648843,3803200
67.34162139892578,67.63099024468099,66.52776936427128,66.87139271263763,2809400
68.7794418334961,69.41244111927251,67.2512153859193,67.66718279703544,4907800
68.42674255371094,69.095913514387,67.96556555268663,68.36344334381957,2236700
67.9746322631836,68.878911016928,67.45919364951325,68.36347240325766,2850500
67.29642486572266,68.35442937804092,67.17887110849826,67.81186349216742,2770600
66.32882690429688,67.96557568831098,66.26552768496578,67.25119484209002,3270200
66.32882690429688,67.18789562275892,65.11709702021655,65.68678999419645,3844700
67.58576965332031,67.77566730058072,66.69053591649356,66.7719176657064,3068900
68.14643859863281,68.3815529758706,67.26024249925864,67.47727433936974,4912700
68.51718139648438,69.28582366866307,68.16451332061077,68.30015648035393,3264200
67.75758361816406,68.72516127061543,67.52246929259638,68.2730220517298,2876300
68.191650390625,68.69804418297029,67.25119984834231,67.93844659535436,3668400
68.30919647216797,68.5895205902409,67.75758605337484,68.46292215633072,4095900
69.15923309326172,69.59328297489832,67.57674548080222,68.4448521431739,4065600
71.655029296875,72.5231358639792,68.90602171816283,68.90602171816283,5569300
72.0890884399414,73.31890784256011,71.980572528264,72.51410047013877,4149800
71.66407775878906,72.45984042877602,71.28428240941561,72.13429958671361,3372400
71.3023681640625,72.08909305107562,71.14864245367667,71.60982648393254,3786900
70.66937255859375,71.09438459596223,69.82839320142368,70.94969671128442,3013600
70.66022491455078,71.67540599938212,70.45901684690217,70.99861395771514,2985500
71.06263732910156,71.4467650111583,70.54132866524185,71.13580517117613,3478900
68.61155700683594,70.96201939632313,68.56583234774432,70.68765050876907,4549900
70.79740905761719,71.32785841562541,70.07489238888516,70.19378488715672,3836900
69.99258422851562,71.73942983585057,69.91027563893583,70.67851705235866,3404700
70.76997375488281,71.41018191391657,70.33098065271008,70.86143704736588,4380100
70.77912902832031,71.25471308034336,70.30355195396756,71.08094117929606,3507100
70.59619903564453,70.84313174907902,69.44383009172351,70.42242717728818,3499800
71.37358856201172,71.49248105779333,70.20293114066827,70.86142768459112,3613200
71.56565856933594,71.59309476609833,70.8522895428355,71.33701429275659,2499700
71.79429626464844,71.79429626464844,71.18153133422766,71.74856462245688,1140200
71.83088684082031,72.10525578639388,71.09922236395161,71.8949069592211,2677800
72.91923522949219,73.35822832985468,71.50163793388478,71.79430232668295,3412100
72.45279693603516,73.42224640185283,72.26987733458981,73.22103832909761,2992600
72.75460815429688,72.83691674068743,72.04123218389923,72.49852071540916,3756500
73.6325912475586,73.87037622756726,72.5533901813857,73.01067865048152,2785100
73.2850570678711,74.05330542416446,72.8643524589575,73.12958064281656,3448900
72.53511047363281,73.48627153305314,72.26074151924433,73.35823129213789,2914600
73.49541473388672,73.60516649548782,72.77289800310221,73.12958250621908,2927900
73.34908294677734,74.0807474409659,73.01069387479268,73.62345887651549,2820000
72.83690643310547,73.5685707710469,72.46193351871997,73.27590643140398,2708000
73.61430358886719,73.86124329579663,72.71802200211707,73.00153865009551,3711600
73.16616821289062,73.76979244992835,72.80033597629226,73.71491307895339,3096800
76.43120574951172,76.54095751028726,73.02897791983273,73.34907850000805,4082200
76.21171569824219,77.45554118231799,76.06538000474154,76.7513128682685,6941500
75.2056884765625,76.44036633797383,74.91302404291189,75.46176898379797,10926100
74.74838256835938,75.83672447230069,74.53802678455993,75.21481182247614,3329000
75.11420440673828,75.27882854126163,74.61119125734425,75.05933202112003,2351100
73.45882415771484,75.44345456758509,73.43138796421773,75.04104543351286,3402200
73.20275115966797,73.91612017381846,72.66314704789423,73.74234829377225,4092600
73.51370239257812,74.46486338293055,73.47711847244888,73.68747426877471,2775000
73.83380889892578,74.14476174909676,73.4954128757963,73.6234531055925,1750600
73.90696716308594,73.96184652940505,73.3765177915735,73.8155108561127,2608500
74.38255310058594,74.4557209391768,73.48626452202069,73.58686855566584,2164900
74.2819595336914,74.36426813045202,73.58687892447564,74.12648308803016,2476500
76.07451629638672,76.22084499022498,73.90696626145221,74.08073812694971,3429100
76.25743103027344,76.56839085204537,75.78185403997814,76.48607529011463,2915600
76.26658630371094,76.80619043873712,75.96477417620493,76.21171390877157,3155500
76.88850402832031,77.31835642373518,75.89161824122642,76.02879923749057,2463900
77.29090881347656,77.33663347959055,76.47693579335429,76.61411676936542,2471800
76.943359375,77.27260764840791,76.52265479846072,76.84275534825488,2922800
75.48918914794922,76.7878868602858,75.44345750522749,76.7055782765895,3053400
73.53199768066406,74.73923913161167,73.09299761774254,74.43742702445745,3574600
74.52888488769531,74.76667688413235,73.69662336666983,73.95270383467766,4672800
74.06244659423828,74.56545974448865,73.77892298683462,74.08073506358598,6900500
72.91923522949219,74.16305366563226,72.33389946622633,73.75149676183374,4394900
71.51991271972656,72.70886551289144,71.30041621154794,72.48022128171881,6144800
71.06263732910156,71.7851540698316,70.45902007616007,71.55650979660068,4301600
70.66022491455078,71.55650651704295,70.14805702117182,70.90715764814826,2971000
71.43761444091797,71.56565467061351,70.431581074309,70.76997011950328,3808500
70.41329193115234,72.19672153762116,70.25781549226625,71.9772180004845,5085800
71.41931915283203,71.59309102681054,70.45901742795681,71.3735944865061,3183600
71.19066619873047,71.97720293129247,70.98031740843386,71.41931043545969,2446800
71.6845474243164,71.88575549386904,70.56876927277138,71.19982269912283,2307200
71.73943328857422,72.18757413463929,70.89801701446835,71.34616483820328,2514100
71.46505737304688,73.09300357064124,70.92546020813025,72.33390286755223,3642000
72.88264465332031,72.92836931752866,70.95288659093835,71.34615498700835,2762500
71.91319274902344,72.54425316234409,71.13580363238844,72.19671638651192,2947000
70.2395248413086,71.2821421885283,70.18464546989152,71.24555826680677,2819400
70.6327896118164,70.85228615308384,69.88283669962257,70.20293727598532,3208300
70.72423553466797,71.06262453240542,70.21206771004476,70.91629585227608,3087100
70.25243377685547,70.58547194152848,69.58635744750943,70.41895285919198,3293500
70.91851043701172,70.98326746611205,69.90088989688242,70.05816301725766,2710300
71.77886199951172,71.89913011374159,70.59472924947798,70.83525841994981,2507000
72.8797378540039,73.58281931268901,71.7048581401638,73.39779416146249,7370200
72.89823150634766,73.20351060249914,72.22290217064698,72.94448249280133,3365100
75.26652526855469,75.55330549104792,73.10177641886284,73.13878145692476,6648500
75.25726318359375,75.84932960532126,74.63744475115845,75.18325311638068,6292700
74.82244873046875,76.10834340899457,74.69293466629976,75.47927207246497,4043200
76.37662506103516,76.4321361303208,75.1462414433339,75.47927256911181,4162600
75.85858154296875,76.33038689221665,75.34052519586574,75.90483959881226,4129900
76.27487182617188,76.70042615531786,75.5995494172863,75.85857757729654,2765900
74.72068786621094,76.14534965283087,74.70218888159985,76.02508860789071,4705300
77.7735366821289,77.85679975904813,75.40527137045781,77.3294834071969,7562500
77.07971954345703,77.47751482727782,76.38589105246648,76.8669423673717,6342100
78.80965423583984,78.83740624142888,77.32023543333929,77.70877762756018,10228500
78.62462615966797,78.81889724950845,76.81142226316985,78.81889724950845,9446200
78.5876235961914,79.04092987800688,78.06031431925192,78.28234447858537,4358300
77.75504302978516,79.6977612426235,77.6810329692229,79.09644185203386,4356500
77.634765625,78.66163215393827,77.57926161521534,78.4026040309605,4095800
77.80130004882812,78.72640470352998,77.76429501568144,78.41187250876577,3554400
77.5607681274414,78.23609760707537,76.96870173394859,77.33874499437864,4567800
77.4590072631836,78.10657762654496,76.7189207982098,77.02420699436055,5094100
77.14446258544922,77.60701482882425,76.34887216220518,76.97794349551472,2893600
76.78367614746094,77.99556082569018,76.56165303604212,77.32023846987826,2997600
75.72905731201172,76.69116686917383,75.04448193675717,76.43213873032008,3828700
75.96033477783203,76.52464911509371,75.61804355520178,75.82156768444206,6055700
76.00659942626953,76.92245102936647,75.69206018341525,75.85857929834089,4885700
77.07971954345703,77.26473765119249,75.78457161534367,75.96959678106751,4138100
76.64491271972656,77.73653640186457,76.40438355369946,76.78367981774173,5122600
76.87618255615234,77.42199788143171,76.64490643109895,76.73741546952286,3108800
76.73741912841797,77.1722193935279,76.28411987793609,77.10746235774477,2374200
76.66341400146484,77.21847530105784,76.38587982267467,76.73741699888652,1887400
76.30261993408203,77.01494727180244,76.0528377742413,76.58940006176353,2225100
78.44886779785156,78.47661980476742,76.58940569662614,76.78367680302469,2908500
79.6515121459961,79.78102623754822,78.40262223003573,78.54138934469547,3077300
78.22683715820312,79.71625602299565,78.09732308804617,79.66075200949624,2532600
78.82815551757812,79.24445678750776,77.72727887721487,77.89379797358926,2065500
78.01406860351562,78.91142114868728,77.86604848728675,78.91142114868728,1816500
77.6717758178711,78.80965750006186,77.00569942419722,78.72639442185888,1990600
77.66253662109375,77.92157186540167,76.22862857311571,77.1999842718127,2432000
77.95854949951172,78.08807061686231,77.32023222350115,77.63476435110246,1710600
78.70790100097656,78.80041004930735,77.94006248965395,78.18983762594586,2812500
77.05195617675781,77.68102753152614,76.237866741523,77.3017312911863,2872300
76.70043182373047,77.32025026070275,76.3673935768224,77.24624019294794,1828800
75.95106506347656,77.03343544965537,75.41450285122201,76.6541463396037,2409400
74.8502197265625,76.3488847245747,74.50792846926936,76.21937063975855,3137100
73.55506896972656,74.9704778832109,73.23128377023473,74.85021682568193,3218900
75.15547943115234,75.34050454582454,73.869584880623,74.04535697506496,2290800
76.37662506103516,76.59865522220335,74.7206871634218,75.36826454651491,3544700
77.893798828125,78.39335612272855,76.55240007893977,76.63565609904663,5406100
78.54137420654297,78.7448983277513,77.41274557656025,77.69952571572438,2400800
79.15193176269531,79.27219985417281,77.96779923667629,78.07881430773554,3562300
79.90129089355469,80.1048079871623,77.99557052151039,78.2360997059409,3865000
80.35457611083984,80.66910824782423,78.77264828885973,80.01228491060351,3239600
78.8744125366211,80.52109743593198,78.85590649393934,80.3545783417327,2975900
80.17881774902344,80.2620808370828,79.39248021373636,79.39248021373636,2853600
79.58673858642578,81.68672974283498,79.58673858642578,80.94664332353918,5739100
81.54796600341797,82.66734164149752,79.28145566255675,79.33696673397358,5344700
81.6404800415039,82.00127026685,80.85414255185188,81.45546194675798,2672800
81.9642562866211,82.59332762125196,81.36293695737308,82.33429949369581,3332400
82.15853118896484,82.51007542806823,81.59421686007647,82.1122801971795,2354100
83.13915252685547,83.2039095662119,82.12153182555716,82.49157507530309,3331000
83.79597473144531,83.96249383852476,82.63959400394575,83.12064528107092,2051800
84.96368408203125,84.99171547415921,83.44097296228493,83.45031675966091,2465700
85.58026123046875,85.79511871669892,84.73015370285016,85.01041065480209,3249800
85.49617767333984,86.2715490306379,85.26263259901368,85.9445873520273,2002100
84.81422424316406,85.96326193896378,84.43120692641111,85.95392526823534,2467400
85.91655731201172,86.47706402729641,85.07579367546991,85.60827612407479,2389900
86.44902801513672,86.86006954320607,85.9539136984506,86.2715315139743,2280500
86.57046508789062,86.69191305801205,85.75773299112498,86.18745496662564,2908000
86.49574279785156,86.72928785190416,86.07536455144866,86.72928785190416,1725400
86.5237808227539,87.2898083736688,86.29023575080143,86.49574942724642,2247500
85.45880889892578,86.36495771736634,85.3280171122419,86.00997180273693,2361600
83.40360260009766,85.13183445108378,83.33821027472723,85.13183445108378,2182700
83.114013671875,83.88938494969294,82.9925656842473,83.5904475702875,3123500
82.78706359863281,83.62782019576017,82.50680664810349,82.8617926085077,2648400
81.7127456665039,82.17049198250434,81.24565555260116,81.92760312765064,2438900
82.35733795166016,82.46009122671342,81.45118192819682,82.02103247641129,2228800
84.30976867675781,84.37516101003287,82.24523115223997,82.44140815206512,5511600
84.15096282958984,84.58068491076502,83.76794548690738,84.22569896385423,2913800
84.43121337890625,85.01040773366373,83.71189768021803,83.93609895773733,2149000
83.09532928466797,84.18832557936814,82.89915229003707,84.07622138505208,2326600
82.86178588867188,84.30976813692932,82.79639355581553,83.21677894751755,2421300
82.48811340332031,83.22610947944942,81.96496765182869,81.99299191709571,1740900
82.72167205810547,83.0486337520555,81.61933897048083,82.09576581285212,2214700
82.59087371826172,82.99256435635913,81.76879059262816,82.2172002181764,2670100
82.17048645019531,83.5437324329693,81.62866024401268,83.5437324329693,1864500
82.11443328857422,82.59086714142458,81.37643014466205,81.8902320572682,2099500
82.2078628540039,82.27325518709404,81.29236306351231,81.63801232540573,1401600
81.97431182861328,82.76836356617964,81.17091629350494,81.64735018693646,1856000
81.78749084472656,82.36667808862387,81.38579301723475,81.81551511430479,1826000
82.09576416015625,82.74035086327449,81.53525739220704,81.61933732737606,3058200
81.32039642333984,82.81508344954138,81.24566029022229,81.73143090102656,5915000
82.33865356445312,82.63759098441363,81.42316083398732,81.78749059183825,3737300
81.17090606689453,82.4413915378257,80.99340957210569,82.10508614097755,1702000
81.42314910888672,81.5912947016228,80.27410433458535,80.80658675993737,1693700
82.48811340332031,82.54416193385437,81.12420405767179,81.12420405767179,3586100
81.9649658203125,82.90848978418482,81.78747643517761,82.80572939568245,3685900
81.53523254394531,82.99255112193434,81.30168753453795,82.41336406003002,1427400
81.85286712646484,82.28258913924012,81.37643325540206,81.75010674001544,2007300
81.79680633544922,82.83374680471314,81.72207734500154,81.9462785708015,1154400
82.07707977294922,82.65627411095456,81.55394109812498,81.91827083626757,1260600
81.3764419555664,82.12378900469396,81.27368155813062,82.1144452065917,2059000
81.91826629638672,82.05838762849923,81.1148707318706,81.25499919121262,1994500
82.44141387939453,82.4881257466489,81.75012243285751,82.20786879758322,1845500
84.86093139648438,84.99172318993446,82.7777134079538,82.86178621028267,2690700
84.97303009033203,85.75774516406277,84.65541224357554,85.24394320345162,2431800
84.95435333251953,84.97303380134426,83.92674936641885,83.98280502735228,2678900
85.80445098876953,85.95392324365864,85.17855195768756,85.55222546768091,1853300
87.36453247070312,87.9810948470814,85.96326211773022,86.01931777836525,3277600
87.33650207519531,88.48554681998034,86.93480431710955,87.11230083007716,1976800
87.00953674316406,87.63543571976615,86.48639815104636,87.63543571976615,2072800
88.13990020751953,88.42950091525664,86.9721749606599,87.28979993396496,2754600
87.47663879394531,88.03714552333142,87.20572566384224,87.99977745774171,3048900
88.76580047607422,89.27960244280085,87.60741901054344,88.0838529135782,2523400
89.53182220458984,90.91441196333743,88.9152670114069,89.55050979884841,3340200
90.1016845703125,90.4753581053332,89.49447309403747,90.00826796836479,2275100
90.68086242675781,91.00782403777184,89.40103311824171,90.26982090020958,2356300
91.6804428100586,91.71781087273601,89.68129778380624,89.6906415812829,3978800
91.6617660522461,92.40910595435474,90.88639475657294,92.40910595435474,4727100
94.57640075683594,94.69784874336953,91.55900272427509,91.91398863186188,4628700
95.0902099609375,97.48170915689667,93.15645709887337,96.77173016038512,4453700
91.605712890625,97.53776317060576,91.52164008932711,97.37894711166027,3951200
91.8205795288086,92.87620066736135,90.82100692570276,90.8770554611497,4524600
93.01631164550781,93.9878597982325,91.88595458738745,92.34370083768083,4490000
91.5870361328125,93.36198010239696,91.42822719466162,92.5772649556709,3077700
91.93580627441406,92.33171390057063,90.5972573335328,91.84154358129808,3029600
91.56816101074219,91.89808397587709,91.07799077565339,91.89808397587709,3130000
92.50138854980469,92.72762764079256,91.8886774557808,91.9358052058998,2764000
91.66244506835938,92.66164981384152,91.48334809795737,91.77556462212611,3292800
91.02143859863281,91.60587877423198,90.65380907920527,91.41735339721659,3008700
91.37964630126953,91.59644976427775,90.44642627317714,90.88946881730102,2978600
91.94523620605469,92.13376159537208,91.18169903000188,91.6058847518573,1903900
92.03948211669922,92.28457083154434,91.72840880844747,91.81325025241672,1802100
92.38826751708984,93.07639157680029,92.03948767841824,92.36941066538775,2220000
92.65221405029297,92.73704831506372,92.04892419487089,92.06777385644806,1974700
92.614501953125,93.51943668171421,92.40711972936418,92.90671843654326,3530600
93.34033966064453,94.08502716102232,92.85016934220702,92.94443203516241,1720900
92.88787841796875,93.71740020733536,92.56737662294762,93.34034223333865,2447200
92.88787841796875,94.11330784372969,92.85017190139081,93.27435762727293,3245000
94.02847290039062,94.06617941669793,92.4636848366593,93.01041853544127,2749600
94.52806854248047,95.18792176845155,93.94363553842261,94.20757395209809,2892100
95.74407958984375,96.13998722237216,94.26413298957867,94.4432371436293,3379900
96.55474090576172,97.18630880010039,95.7346404514685,96.10226995365261,2843900
97.18630981445312,97.46910506144563,95.59325101895551,97.12975364176738,3209300
96.19654083251953,97.61050268390328,96.12112780775142,97.54451808517663,3659200
97.71419525146484,97.90272062441328,96.19654226634948,96.76212557697674,2538300
97.3088607788086,98.4211777572192,96.83754014713938,98.12895407517247,2932000
97.1391830444336,97.34655807696022,95.84776195146412,97.20516764382432,2429400
97.08263397216797,97.46912039105754,96.39450979032591,96.87525171732801,2098100
98.1949462890625,98.22322437846994,96.68672158914366,97.29001146911119,1425900
98.93020629882812,99.14701697260152,98.07240641445088,98.33634484041312,2171900
98.23265075683594,98.92078208245708,97.95928391196084,98.70397141521734,1724200
97.2994384765625,98.37404900906238,96.66787051640219,98.17609519431582,1890100
95.90432739257812,96.94123142254186,95.4707132415672,96.40392614935631,4300400
96.29081726074219,96.39450838665225,95.27276285641594,96.1494196170664,5395300
96.64901733398438,97.08263149586996,96.1022836200397,97.0355037430158,2720600
95.59325408935547,97.11089990883008,95.47070612222434,95.99858292899812,3226900
95.3481674194336,96.06457680975763,95.00881598147917,95.73464660657031,2650100
94.96167755126953,95.58382422858675,94.77315217790299,95.20676629007164,2436600
95.99858856201172,96.28138383468134,95.20677330538885,95.43300520845503,2019100
96.71499633789062,97.01664126745519,95.59325807670682,96.02687221346947,2890400
96.35679626464844,96.997792645819,95.83834066525222,96.41335244211622,2072200
95.9703140258789,96.32852234342546,95.46128683129916,95.57440638291115,2580300
95.55555725097656,96.57360445400812,95.43300927143717,96.10228377401437,3054300
94.52806854248047,95.05594536983142,93.89650059664525,94.70717269109556,1900800
92.43540954589844,94.05675383728635,92.07720841780828,93.91535619479873,2928900
92.5673828125,93.02928227762781,92.28459470693075,92.45427044698556,2194200
92.11491394042969,92.84074461607908,91.82269742308527,92.41655888498022,1777100
91.64358520507812,92.69933882226061,91.4833379155818,92.12433426534923,1669400
92.614501953125,92.72762149111688,91.68128913798328,91.71899565064724,1849100
93.12352752685547,93.26492514903181,92.52966614385299,92.70876308628,2510900
93.94364166259766,94.83914808048631,93.58543334201592,93.67027480438948,3174200
95.50841522216797,95.87604474995247,94.1321598016804,94.35839169759804,2695100
95.12193298339844,95.97973279013418,94.80143121532316,95.91374818961604,2008900
94.91456604003906,95.05595649835942,94.03790923953665,95.04653526232688,3111800
94.41496276855469,95.28219110014639,93.94364208506578,94.99939581333989,2548000
94.16043853759766,94.49978997970027,93.51944216826854,93.95305630167024,1981800
95.04652404785156,95.08423056288244,93.96248511400667,94.26413004247128,1863600
93.68911743164062,95.61210653023399,93.49116362334485,95.48013732470348,2099200
92.55795288085938,94.16986866405107,92.42598367230211,94.0661775442157,2338800
93.42517852783203,93.63256076165257,92.90672294328066,93.18008977951845,2420500
91.8038330078125,93.06697605343746,91.5021880881051,93.06697605343746,2660400
91.81326293945312,92.23744864257074,91.14398848762328,91.80383451286896,3362300
93.08582305908203,93.64197794226577,91.68128961599079,91.86038656235095,4884900
91.67185974121094,93.53829254351369,91.50218403191069,92.87843936655412,3807200
92.75589752197266,92.79360403380095,91.14398189816752,91.20053807001908,3880000
94.64118194580078,94.71659497103755,92.55794566816269,92.97270292340114,5926200
90.72920989990234,94.26411418171672,90.66322530764639,93.44401379929457,6428200
90.80463409423828,91.35136774981609,89.84313598383841,90.66323646720512,3510000
91.75646209716797,92.47033497562848,90.98547445034512,91.25199309162501,2581000
89.95750427246094,91.72790961655666,89.71002630449848,91.3757297106828,3411600
88.48217010498047,90.17642738044887,88.13951051422382,89.77666027852979,3484700
88.83434295654297,88.96759864656481,88.0538422313192,88.56783157649932,2561500
89.24363708496094,90.03365094618032,88.47264937819095,88.69157360650613,2571100
91.67079162597656,91.7945342365546,89.2912154150488,89.58628780328924,5557500
91.84213256835938,92.689261221479,91.4709192152796,91.67080276986938,3399200
92.0420150756836,92.09912984912451,90.78559898834972,91.47091817451202,1879700
92.13719940185547,92.19430691058996,91.28055046138445,91.6136896988202,2527600
93.35553741455078,93.42216525924053,91.7659822184594,92.43226066535685,2849600
92.88914489746094,93.77434764716752,92.84155772452947,93.46024906776803,2048800
93.37458038330078,93.75531407557985,92.44179046220279,93.17469682877979,3384300
94.54533386230469,94.67858956341041,93.57446259780174,93.97423696300999,2277600
95.07835388183594,95.86837498803055,94.80232214851887,94.80232214851887,1558600
95.0498046875,95.44957179828872,94.51678187311505,95.11643253929812,1260600
93.48880004882812,95.18305730699,93.02240510135334,95.14498321264028,2188300
92.34659576416016,94.1360418263616,92.33708268732471,94.1360418263616,1917500
91.61369323730469,92.65118508280388,91.26151330876104,92.5560034772732,2832300
92.75587463378906,93.26035087328854,91.57560690675095,91.70886258906702,2234700
91.23295593261719,92.73684993074788,91.05211306785313,92.49889229541925,2677500
90.97596740722656,92.19430937202831,90.70945601016255,91.23295846528374,2651100
90.51908874511719,90.97597062904329,89.0818225036045,90.97597062904329,2045300
89.11988830566406,90.62378225885115,88.74867498659631,90.62378225885115,2925600
88.3774642944336,89.66243407262299,88.32987712450998,88.80579239509055,1983900
88.24420166015625,88.88192632973019,87.73021233692212,88.10142563783174,1810400
87.3494873046875,88.38698639137432,87.28285945595648,88.24421035498189,2410700
87.49225616455078,88.55830891869522,86.89260557515782,87.06393535239727,2749300
86.53091430664062,87.80636369190508,86.4833198768482,87.40659662445417,3451300
86.84501647949219,87.59696347789331,86.06451572677938,86.18825834465102,3147800
88.28228759765625,88.58687309727495,86.83550828994024,87.41611827136772,6781800
88.3869857788086,88.5012080595091,87.17815690920682,88.0157724438955,2282500
87.92059326171875,88.62494585737166,87.80637097787327,88.09192305654146,1404400
87.62551879882812,88.10143407757369,87.37804808244184,87.61600572181462,2066500
88.05384063720703,88.1966166630429,86.91163969241038,87.20671208230861,1722700
87.62551879882812,88.17758226502677,86.83550495514753,88.12998783239588,1661200
